audio_file,status
3 Times.mp3,copied_to_backend_media_songs
ADONYZ - DOCTORA.mp3,copied_to_backend_media_songs
ADONYZ - MIA 2.mp3,copied_to_backend_media_songs
Hold On To You.mp3,copied_to_backend_media_songs
Naz T - Gangster Falso (Prod. By YM Freak).mp3,copied_to_backend_media_songs
Naz T - Mentirosa (Prod. By YM Freak).mp3,copied_to_backend_media_songs
No lo niegues .mp3,copied_to_backend_media_songs
Pero no disparan .mp3,copied_to_backend_media_songs
Quiere Mas - Flowsoundz.mp3,copied_to_backend_media_songs
adonis.mp3,copied_to_backend_media_songs
diit.mp3,copied_to_backend_media_songs
sin alivio a toribo .mp3,copied_to_backend_media_songs
